Date,Ticker,Adj Close,Close,High,Low,Open,Volume,7日間移動平均,10日間移動平均,20日間移動平均,30日間移動平均,50日間移動平均,100日間移動平均
2023-08-14 00:00:00+00:00,4221.T,2192.59375,2408.0,2437.0,2367.0,2375.0,20700,,,,,,
2023-08-15 00:00:00+00:00,4221.T,2207.16259765625,2424.0,2436.0,2400.0,2429.0,9900,,,,,,
2023-08-16 00:00:00+00:00,4221.T,2186.2197265625,2401.0,2430.0,2401.0,2415.0,12700,,,,,,
2023-08-17 00:00:00+00:00,4221.T,2171.651123046875,2385.0,2423.0,2361.0,2423.0,20400,,,,,,
2023-08-18 00:00:00+00:00,4221.T,2144.334716796875,2355.0,2377.0,2343.0,2370.0,18400,,,,,,
2023-08-21 00:00:00+00:00,4221.T,2164.36669921875,2377.0,2388.0,2355.0,2355.0,9400,,,,,,
2023-08-22 00:00:00+00:00,4221.T,2178.935791015625,2393.0,2394.0,2367.0,2394.0,15800,2391.8571428571427,,,,,
2023-08-23 00:00:00+00:00,4221.T,2194.414794921875,2410.0,2415.0,2378.0,2378.0,15300,2392.1428571428573,,,,,
2023-08-24 00:00:00+00:00,4221.T,2208.9833984375,2426.0,2438.0,2400.0,2400.0,23200,2392.4285714285716,,,,,
2023-08-25 00:00:00+00:00,4221.T,2186.2197265625,2401.0,2408.0,2383.0,2395.0,8400,2392.4285714285716,2398.0,,,,
2023-08-28 00:00:00+00:00,4221.T,2251.779052734375,2473.0,2473.0,2408.0,2444.0,26200,2405.0,2404.5,,,,
2023-08-29 00:00:00+00:00,4221.T,2284.558837890625,2509.0,2509.0,2480.0,2493.0,29000,2427.0,2413.0,,,,
2023-08-30 00:00:00+00:00,4221.T,2346.47607421875,2577.0,2577.0,2517.0,2526.0,40800,2455.5714285714284,2430.6,,,,
2023-08-31 00:00:00+00:00,4221.T,2354.670654296875,2586.0,2594.0,2556.0,2577.0,29300,2483.1428571428573,2450.7,,,,
2023-09-01 00:00:00+00:00,4221.T,2347.386474609375,2578.0,2586.0,2550.0,2586.0,16300,2507.1428571428573,2473.0,,,,
2023-09-04 00:00:00+00:00,4221.T,2381.9873046875,2616.0,2621.0,2579.0,2590.0,54400,2534.285714285714,2496.9,,,,
2023-09-05 00:00:00+00:00,4221.T,2430.246337890625,2669.0,2669.0,2620.0,2625.0,34700,2572.5714285714284,2524.5,,,,
2023-09-06 00:00:00+00:00,4221.T,2409.303466796875,2646.0,2676.0,2626.0,2670.0,21700,2597.285714285714,2548.1,,,,
2023-09-07 00:00:00+00:00,4221.T,2401.108642578125,2637.0,2657.0,2610.0,2619.0,15900,2615.5714285714284,2569.2,,,,
2023-09-08 00:00:00+00:00,4221.T,2377.434326171875,2611.0,2639.0,2605.0,2630.0,18900,2620.4285714285716,2590.2,2494.1,,,
2023-09-11 00:00:00+00:00,4221.T,2354.670654296875,2586.0,2626.0,2580.0,2620.0,15100,2620.4285714285716,2601.5,2503.0,,,
2023-09-12 00:00:00+00:00,4221.T,2382.897705078125,2617.0,2629.0,2589.0,2600.0,18200,2626.0,2612.3,2512.65,,,
2023-09-13 00:00:00+00:00,4221.T,2351.02880859375,2582.0,2619.0,2582.0,2605.0,14600,2621.1428571428573,2612.8,2521.7,,,
2023-09-14 00:00:00+00:00,4221.T,2386.539794921875,2621.0,2622.0,2590.0,2590.0,16600,2614.285714285714,2616.3,2533.5,,,
2023-09-15 00:00:00+00:00,4221.T,2371.97119140625,2605.0,2634.0,2604.0,2630.0,17700,2608.4285714285716,2619.0,2546.0,,,
2023-09-19 00:00:00+00:00,4221.T,2402.019287109375,2638.0,2638.0,2610.0,2626.0,21100,2608.5714285714284,2621.2,2559.05,,,
2023-09-20 00:00:00+00:00,4221.T,2327.3544921875,2556.0,2638.0,2552.0,2638.0,28900,2600.714285714286,2609.9,2567.2,,,
2023-09-21 00:00:00+00:00,4221.T,2327.3544921875,2556.0,2577.0,2540.0,2554.0,22500,2596.4285714285716,2600.9,2574.5,,,
2023-09-22 00:00:00+00:00,4221.T,2320.070068359375,2548.0,2568.0,2513.0,2523.0,24700,2586.5714285714284,2592.0,2580.6,,,
2023-09-25 00:00:00+00:00,4221.T,2343.744140625,2574.0,2584.0,2551.0,2557.0,24000,2585.4285714285716,2588.3,2589.25,2525.5,,
2023-09-26 00:00:00+00:00,4221.T,2338.281005859375,2568.0,2575.0,2537.0,2556.0,19600,2577.8571428571427,2586.5,2594.0,2530.8333333333335,,
2023-09-27 00:00:00+00:00,4221.T,2382.897705078125,2617.0,2619.0,2541.0,2579.0,26700,2579.5714285714284,2586.5,2599.4,2537.266666666667,,
2023-09-28 00:00:00+00:00,4221.T,2364.68701171875,2597.0,2633.0,2584.0,2617.0,31600,2573.714285714286,2588.0,2600.4,2543.8,,
2023-09-29 00:00:00+00:00,4221.T,2361.044677734375,2593.0,2636.0,2582.0,2626.0,23700,2579.0,2585.2,2600.75,2550.733333333333,,
2023-10-02 00:00:00+00:00,4221.T,2387.450439453125,2622.0,2660.0,2618.0,2618.0,27100,2588.4285714285716,2586.9,2602.95,2559.633333333333,,
2023-10-03 00:00:00+00:00,4221.T,2348.297119140625,2579.0,2628.0,2579.0,2628.0,29400,2592.8571428571427,2581.0,2601.1,2566.366666666667,,
2023-10-04 00:00:00+00:00,4221.T,2288.200927734375,2513.0,2582.0,2503.0,2529.0,33100,2584.1428571428573,2576.7,2593.3,2570.366666666667,,
2023-10-05 00:00:00+00:00,4221.T,2330.99658203125,2560.0,2564.0,2541.0,2559.0,23600,2583.0,2577.1,2589.0,2575.366666666667,,
2023-10-06 00:00:00+00:00,4221.T,2348.297119140625,2579.0,2584.0,2558.0,2572.0,24800,2577.5714285714284,2580.2,2586.1,2580.4666666666667,,
2023-10-10 00:00:00+00:00,4221.T,2379.255615234375,2613.0,2614.0,2579.0,2579.0,22800,2579.8571428571427,2584.1,2586.2,2587.5333333333333,,
2023-10-11 00:00:00+00:00,4221.T,2377.434326171875,2611.0,2629.0,2586.0,2602.0,13400,2582.4285714285716,2588.4,2587.45,2592.133333333333,,
2023-10-12 00:00:00+00:00,4221.T,2391.092529296875,2626.0,2629.0,2602.0,2629.0,21100,2583.0,2589.3,2587.9,2596.0333333333333,,
2023-10-13 00:00:00+00:00,4221.T,2349.20751953125,2580.0,2615.0,2577.0,2615.0,17800,2583.1428571428573,2587.6,2587.8,2596.133333333333,,
2023-10-16 00:00:00+00:00,4221.T,2339.191650390625,2569.0,2584.0,2544.0,2584.0,15800,2591.1428571428573,2585.2,2585.2,2595.5666666666666,,
2023-10-17 00:00:00+00:00,4221.T,2330.99658203125,2560.0,2602.0,2541.0,2584.0,26600,2591.1428571428573,2579.0,2582.95,2594.9666666666667,,
2023-10-18 00:00:00+00:00,4221.T,2356.491943359375,2588.0,2597.0,2559.0,2597.0,20500,2592.4285714285716,2579.9,2580.45,2594.0333333333333,,
2023-10-19 00:00:00+00:00,4221.T,2328.26513671875,2557.0,2592.0,2557.0,2581.0,29400,2584.4285714285716,2584.3,2580.5,2590.3,,
2023-10-20 00:00:00+00:00,4221.T,2367.41845703125,2600.0,2613.0,2550.0,2557.0,22700,2582.8571428571427,2588.3,2582.7,2588.766666666667,,
2023-10-23 00:00:00+00:00,4221.T,2354.670654296875,2586.0,2634.0,2586.0,2611.0,29600,2577.1428571428573,2589.0,2584.6,2587.0666666666666,,
2023-10-24 00:00:00+00:00,4221.T,2366.5078125,2599.0,2602.0,2532.0,2586.0,29600,2579.8571428571427,2587.6,2585.85,2586.6666666666665,2549.64,
2023-10-25 00:00:00+00:00,4221.T,2387.450439453125,2622.0,2649.0,2606.0,2623.0,36600,2587.4285714285716,2588.7,2588.55,2587.866666666667,2553.92,
2023-10-26 00:00:00+00:00,4221.T,2391.092529296875,2626.0,2645.0,2604.0,2635.0,19900,2596.8571428571427,2588.7,2589.0,2588.1666666666665,2557.96,
2023-10-27 00:00:00+00:00,4221.T,2454.8310546875,2696.0,2696.0,2625.0,2630.0,46000,2612.285714285714,2600.3,2593.95,2591.9666666666667,2563.86,
2023-10-30 00:00:00+00:00,4221.T,2444.81494140625,2685.0,2722.0,2671.0,2696.0,38500,2630.5714285714284,2611.9,2598.55,2594.1,2569.86,
2023-10-31 00:00:00+00:00,4221.T,2474.86279296875,2718.0,2718.0,2680.0,2690.0,31500,2647.4285714285716,2627.7,2603.35,2597.866666666667,2577.12,
2023-11-01 00:00:00+00:00,4221.T,2522.211181640625,2770.0,2776.0,2732.0,2760.0,41900,2673.714285714286,2645.9,2612.9,2602.266666666667,2584.98,
2023-11-02 00:00:00+00:00,4221.T,2507.642333984375,2754.0,2780.0,2739.0,2775.0,31600,2695.8571428571427,2665.6,2624.95,2608.866666666667,2592.2,
2023-11-06 00:00:00+00:00,4221.T,2484.878662109375,2729.0,2800.0,2722.0,2800.0,31400,2711.1428571428573,2678.5,2633.4,2614.633333333333,2598.58,
2023-11-07 00:00:00+00:00,4221.T,2453.92041015625,2695.0,2747.0,2674.0,2720.0,25800,2721.0,2689.4,2639.2,2619.5333333333333,2603.96,
2023-11-08 00:00:00+00:00,4221.T,2421.140869140625,2659.0,2723.0,2640.0,2696.0,35100,2715.714285714286,2695.4,2641.5,2622.366666666667,2609.12,
2023-11-09 00:00:00+00:00,4221.T,2438.44091796875,2678.0,2692.0,2640.0,2655.0,17500,2714.714285714286,2701.0,2644.85,2626.0333333333333,2613.22,
2023-11-10 00:00:00+00:00,4221.T,2476.68408203125,2720.0,2720.0,2663.0,2678.0,22500,2715.0,2710.4,2649.55,2629.4666666666667,2617.44,
2023-11-13 00:00:00+00:00,4221.T,2473.041748046875,2716.0,2765.0,2705.0,2753.0,48000,2707.285714285714,2712.4,2656.35,2633.4333333333334,2620.22,
2023-11-14 00:00:00+00:00,4221.T,2489.431640625,2734.0,2824.0,2707.0,2764.0,71500,2704.4285714285716,2717.3,2664.6,2638.133333333333,2623.18,
2023-11-15 00:00:00+00:00,4221.T,2438.44091796875,2678.0,2734.0,2671.0,2734.0,50300,2697.1428571428573,2713.3,2670.5,2640.0,2625.18,
2023-11-16 00:00:00+00:00,4221.T,2488.521240234375,2733.0,2733.0,2692.0,2697.0,31300,2702.5714285714284,2709.6,2677.75,2645.133333333333,2627.52,
2023-11-17 00:00:00+00:00,4221.T,2515.83740234375,2763.0,2774.0,2710.0,2710.0,29600,2717.4285714285716,2710.5,2688.05,2653.4666666666667,2629.4,
2023-11-20 00:00:00+00:00,4221.T,2485.78955078125,2730.0,2779.0,2723.0,2768.0,32500,2724.8571428571427,2710.6,2694.55,2659.133333333333,2631.08,
2023-11-21 00:00:00+00:00,4221.T,2504.000244140625,2750.0,2757.0,2717.0,2731.0,26900,2729.1428571428573,2716.1,2702.75,2664.8333333333335,2633.34,
2023-11-22 00:00:00+00:00,4221.T,2509.463623046875,2756.0,2780.0,2748.0,2748.0,24800,2734.8571428571427,2725.8,2710.6,2669.6,2636.24,
2023-11-24 00:00:00+00:00,4221.T,2544.064208984375,2794.0,2813.0,2774.0,2776.0,36000,2743.4285714285716,2737.4,2719.2,2675.7,2640.4,
2023-11-27 00:00:00+00:00,4221.T,2560.454345703125,2812.0,2839.0,2803.0,2839.0,26500,2762.5714285714284,2746.6,2728.5,2681.9,2644.3,
2023-11-28 00:00:00+00:00,4221.T,2577.75439453125,2831.0,2863.0,2812.0,2812.0,29700,2776.5714285714284,2758.1,2735.25,2690.266666666667,2649.28,
2023-11-29 00:00:00+00:00,4221.T,2571.380615234375,2824.0,2839.0,2809.0,2820.0,35600,2785.285714285714,2767.1,2742.2,2698.766666666667,2653.34,
2023-11-30 00:00:00+00:00,4221.T,2565.91748046875,2818.0,2826.0,2752.0,2812.0,59000,2797.8571428571427,2781.1,2747.2,2707.366666666667,2657.6,
2023-12-01 00:00:00+00:00,4221.T,2554.080322265625,2805.0,2830.0,2801.0,2815.0,39900,2805.714285714286,2788.3,2748.95,2714.6,2660.94,
2023-12-04 00:00:00+00:00,4221.T,2518.569091796875,2766.0,2801.0,2766.0,2787.0,59500,2807.1428571428573,2788.6,2749.55,2721.5666666666666,2665.14,
2023-12-05 00:00:00+00:00,4221.T,2474.86279296875,2718.0,2784.0,2718.0,2760.0,53800,2796.285714285714,2787.4,2749.0,2725.5,2668.38,
2023-12-06 00:00:00+00:00,4221.T,2510.3740234375,2757.0,2770.0,2726.0,2726.0,42200,2788.4285714285716,2788.1,2752.1,2731.2,2672.56,
2023-12-07 00:00:00+00:00,4221.T,2483.96826171875,2728.0,2754.0,2722.0,2746.0,55000,2773.714285714286,2785.3,2755.55,2735.5,2675.64,
2023-12-08 00:00:00+00:00,4221.T,2416.588134765625,2654.0,2728.0,2644.0,2728.0,82700,2749.4285714285716,2771.3,2754.35,2736.5666666666666,2677.36,
2023-12-11 00:00:00+00:00,4221.T,2467.57861328125,2710.0,2724.0,2683.0,2704.0,101000,2734.0,2761.1,2753.85,2739.366666666667,2679.22,
2023-12-12 00:00:00+00:00,4221.T,2417.49853515625,2655.0,2709.0,2655.0,2709.0,103300,2712.5714285714284,2743.5,2750.8,2738.0,2680.38,
2023-12-13 00:00:00+00:00,4221.T,2478.505126953125,2722.0,2748.0,2699.0,2736.0,106100,2706.285714285714,2733.3,2750.2,2739.233333333333,2682.96,
2023-12-14 00:00:00+00:00,4221.T,2424.78271484375,2663.0,2713.0,2653.0,2697.0,104700,2698.4285714285716,2717.8,2749.45,2737.4,2683.78,
2023-12-15 00:00:00+00:00,4221.T,2447.54638671875,2688.0,2688.0,2655.0,2655.0,79500,2688.5714285714284,2706.1,2747.2,2734.6666666666665,2685.96,
2023-12-18 00:00:00+00:00,4221.T,2429.335693359375,2668.0,2676.0,2638.0,2675.0,49600,2680.0,2696.3,2742.45,2731.8,2689.06,
2023-12-19 00:00:00+00:00,4221.T,2437.5302734375,2677.0,2684.0,2640.0,2668.0,71800,2683.285714285714,2692.2,2739.8,2730.0666666666666,2691.4,
2023-12-20 00:00:00+00:00,4221.T,2442.083251953125,2682.0,2699.0,2679.0,2682.0,35100,2679.285714285714,2684.7,2736.4,2729.633333333333,2693.46,
2023-12-21 00:00:00+00:00,4221.T,2422.05126953125,2660.0,2684.0,2657.0,2669.0,54800,2680.0,2677.9,2731.6,2729.6666666666665,2694.4,
2023-12-22 00:00:00+00:00,4221.T,2430.246337890625,2669.0,2683.0,2643.0,2670.0,92000,2672.4285714285716,2679.4,2725.35,2729.366666666667,2695.56,
2023-12-25 00:00:00+00:00,4221.T,2426.60400390625,2665.0,2694.0,2662.0,2692.0,80000,2672.714285714286,2674.9,2718.0,2727.5333333333333,2696.34,
2023-12-26 00:00:00+00:00,4221.T,2399.28759765625,2635.0,2661.0,2621.0,2660.0,118600,2665.1428571428573,2672.9,2708.2,2724.8333333333335,2697.44,
2023-12-27 00:00:00+00:00,4221.T,2398.377197265625,2634.0,2645.0,2596.0,2630.0,267800,2660.285714285714,2664.1,2698.7,2721.5,2698.74,
2023-12-28 00:00:00+00:00,4221.T,2396.4765625,2522.0,2552.0,2515.0,2520.0,126400,2638.1428571428573,2650.0,2683.9,2716.3,2697.98,
2023-12-29 00:00:00+00:00,4221.T,2425.93359375,2553.0,2561.0,2523.0,2523.0,60600,2619.714285714286,2636.5,2671.3,2710.3,2697.28,
2024-01-04 00:00:00+00:00,4221.T,2437.33642578125,2565.0,2574.0,2536.0,2565.0,67300,2606.1428571428573,2626.2,2661.25,2703.7,2697.44,
2024-01-05 00:00:00+00:00,4221.T,2415.481201171875,2542.0,2584.0,2540.0,2580.0,57600,2588.0,2612.7,2652.45,2697.4333333333334,2696.28,
2024-01-09 00:00:00+00:00,4221.T,2446.838623046875,2575.0,2579.0,2541.0,2553.0,57800,2575.1428571428573,2602.0,2643.35,2691.6,2696.06,
2024-01-10 00:00:00+00:00,4221.T,2444.938232421875,2573.0,2587.0,2558.0,2575.0,43200,2566.285714285714,2593.3,2635.6,2685.5,2695.54,2622.59
2024-01-11 00:00:00+00:00,4221.T,2443.988037109375,2572.0,2592.0,2570.0,2575.0,49700,2557.4285714285716,2583.6,2631.5,2678.1,2694.54,2624.23
2024-01-12 00:00:00+00:00,4221.T,2375.571533203125,2500.0,2577.0,2500.0,2572.0,77700,2554.285714285714,2567.1,2621.0,2667.7,2692.02,2624.99
2024-01-15 00:00:00+00:00,4221.T,2408.829345703125,2535.0,2535.0,2500.0,2500.0,10800,2551.714285714286,2557.1,2615.0,2657.8333333333335,2688.8,2626.33
2024-01-16 00:00:00+00:00,4221.T,2408.829345703125,2535.0,2547.0,2500.0,2500.0,37800,2547.4285714285716,2547.2,2605.65,2648.2,2685.8,2627.83
2024-01-17 00:00:00+00:00,4221.T,2377.471923828125,2502.0,2536.0,2502.0,2522.0,55700,2541.714285714286,2545.2,2597.6,2637.6666666666665,2681.48,2629.3
2024-01-18 00:00:00+00:00,4221.T,2396.4765625,2522.0,2524.0,2501.0,2501.0,24200,2534.1428571428573,2542.1,2589.3,2628.233333333333,2676.52,2630.75
2024-01-19 00:00:00+00:00,4221.T,2388.874755859375,2514.0,2522.0,2501.0,2522.0,43300,2525.714285714286,2537.0,2581.6,2619.8333333333335,2671.72,2631.96
2024-01-22 00:00:00+00:00,4221.T,2424.9833984375,2552.0,2552.0,2532.0,2540.0,53700,2522.8571428571427,2538.0,2575.35,2614.3,2668.18,2633.38
2024-01-23 00:00:00+00:00,4221.T,2440.18701171875,2568.0,2569.0,2550.0,2560.0,38200,2532.5714285714284,2537.3,2569.65,2608.0,2665.64,2634.8
2024-01-24 00:00:00+00:00,4221.T,2444.938232421875,2573.0,2585.0,2565.0,2567.0,41300,2538.0,2537.3,2565.3,2602.8333333333335,2663.92,2636.52
2024-01-25 00:00:00+00:00,4221.T,2479.146484375,2609.0,2609.0,2609.0,2609.0,3000,2548.5714285714284,2541.0,2562.3,2601.3333333333335,2662.54,2637.88
2024-01-26 00:00:00+00:00,4221.T,2477.24609375,2607.0,2639.0,2605.0,2610.0,65700,2563.5714285714284,2551.7,2559.4,2597.9,2660.28,2638.86
2024-01-29 00:00:00+00:00,4221.T,2511.454345703125,2643.0,2663.0,2607.0,2607.0,68700,2580.8571428571427,2562.5,2559.8,2597.5,2658.82,2639.52
2024-01-30 00:00:00+00:00,4221.T,2610.278076171875,2747.0,2785.0,2714.0,2760.0,290100,2614.1428571428573,2583.7,2565.45,2598.3333333333335,2659.08,2641.13
2024-01-31 00:00:00+00:00,4221.T,2719.55419921875,2862.0,2862.0,2747.0,2747.0,182300,2658.4285714285716,2619.7,2582.45,2604.9666666666667,2662.76,2643.97
2024-02-01 00:00:00+00:00,4221.T,2771.81689453125,2917.0,2922.0,2826.0,2840.0,97700,2708.285714285714,2659.2,2600.65,2612.6,2666.44,2646.98
2024-02-02 00:00:00+00:00,4221.T,2774.667724609375,2920.0,2920.0,2825.0,2910.0,86900,2757.8571428571427,2699.8,2618.4,2621.0,2669.58,2649.49
2024-02-05 00:00:00+00:00,4221.T,2799.37353515625,2946.0,2964.0,2931.0,2935.0,62800,2806.0,2739.2,2638.6,2629.9666666666667,2673.9,2652.49
2024-02-06 00:00:00+00:00,4221.T,2807.925537109375,2955.0,2978.0,2940.0,2946.0,73000,2855.714285714286,2777.9,2657.6,2639.0666666666666,2678.0,2655.67
2024-02-07 00:00:00+00:00,4221.T,2850.685791015625,3000.0,3015.0,2936.0,2950.0,57500,2906.714285714286,2820.6,2678.95,2650.4,2682.88,2659.56
2024-02-08 00:00:00+00:00,4221.T,2796.522705078125,2943.0,2999.0,2890.0,2999.0,97000,2934.714285714286,2854.0,2697.5,2659.5333333333333,2685.86,2663.13
2024-02-09 00:00:00+00:00,4221.T,2751.862060546875,2896.0,2938.0,2894.0,2919.0,78100,2939.5714285714284,2882.9,2717.3,2667.233333333333,2687.54,2665.92
2024-02-13 00:00:00+00:00,4221.T,2828.83056640625,2977.0,2988.0,2900.0,2900.0,62700,2948.1428571428573,2916.3,2739.4,2678.633333333333,2690.46,2669.87
2024-02-14 00:00:00+00:00,4221.T,3050.23388671875,3210.0,3285.0,3160.0,3275.0,166100,2989.5714285714284,2962.6,2773.15,2697.8333333333335,2698.18,2675.76
2024-02-15 00:00:00+00:00,4221.T,2945.708740234375,3100.0,3245.0,3080.0,3215.0,112300,3011.5714285714284,2986.4,2803.05,2717.1,2703.82,2680.71
2024-02-16 00:00:00+00:00,4221.T,2902.948486328125,3055.0,3120.0,3040.0,3090.0,55400,3025.8571428571427,3000.2,2829.7,2733.8333333333335,2708.82,2684.88
2024-02-19 00:00:00+00:00,4221.T,2978.966796875,3135.0,3135.0,3045.0,3055.0,49600,3045.1428571428573,3021.7,2860.75,2752.8333333333335,2716.2,2690.67
2024-02-20 00:00:00+00:00,4221.T,3021.72705078125,3180.0,3205.0,3150.0,3150.0,44800,3079.0,3045.1,2892.15,2774.1,2725.44,2696.91
2024-02-21 00:00:00+00:00,4221.T,2955.211181640625,3110.0,3165.0,3060.0,3140.0,199200,3109.5714285714284,3060.6,2919.25,2791.9333333333334,2732.5,2702.53
2024-02-22 00:00:00+00:00,4221.T,3026.47802734375,3185.0,3185.0,3125.0,3145.0,42200,3139.285714285714,3079.1,2949.85,2812.3333333333335,2741.64,2708.64
2024-02-26 00:00:00+00:00,4221.T,2945.708740234375,3100.0,3150.0,3085.0,3150.0,51500,3123.5714285714284,3094.8,2974.4,2829.9333333333334,2750.56,2713.96
2024-02-27 00:00:00+00:00,4221.T,2997.97119140625,3155.0,3220.0,3135.0,3145.0,69400,3131.4285714285716,3120.7,3001.8,2851.766666666667,2759.46,2719.34
2024-02-28 00:00:00+00:00,4221.T,3073.989501953125,3235.0,3245.0,3160.0,3165.0,50200,3157.1428571428573,3146.5,3031.4,2875.1,2771.06,2725.72
2024-02-29 00:00:00+00:00,4221.T,3088.242919921875,3250.0,3300.0,3235.0,3250.0,71200,3173.5714285714284,3150.5,3056.55,2898.9333333333334,2781.62,2732.29
2024-03-01 00:00:00+00:00,4221.T,3054.98486328125,3215.0,3320.0,3200.0,3280.0,55800,3178.5714285714284,3162.0,3074.2,2922.7,2792.66,2738.22
2024-03-04 00:00:00+00:00,4221.T,2969.464599609375,3125.0,3255.0,3125.0,3200.0,44700,3180.714285714286,3169.0,3084.6,2942.8,2801.4,2743.68
2024-03-05 00:00:00+00:00,4221.T,2983.718017578125,3140.0,3150.0,3090.0,3100.0,41800,3174.285714285714,3169.5,3095.6,2963.6666666666665,2810.84,2749.95
2024-03-06 00:00:00+00:00,4221.T,3007.473388671875,3165.0,3180.0,3140.0,3145.0,28600,3183.5714285714284,3168.0,3106.55,2984.1,2820.6,2756.0
2024-03-07 00:00:00+00:00,4221.T,2945.708740234375,3100.0,3170.0,3100.0,3160.0,35200,3175.714285714286,3167.0,3113.8,3001.8333333333335,2828.96,2761.21
2024-03-08 00:00:00+00:00,4221.T,2955.211181640625,3110.0,3145.0,3050.0,3055.0,42900,3157.8571428571427,3159.5,3119.3,3019.733333333333,2837.96,2766.18
2024-03-11 00:00:00+00:00,4221.T,2883.94384765625,3035.0,3085.0,3005.0,3055.0,27700,3127.1428571428573,3153.0,3123.9,3033.9333333333334,2845.28,2770.42
2024-03-12 00:00:00+00:00,4221.T,2936.20654296875,3090.0,3095.0,3005.0,3035.0,32100,3109.285714285714,3146.5,3133.6,3050.0333333333333,2853.78,2775.06
2024-03-13 00:00:00+00:00,4221.T,2912.45068359375,3065.0,3125.0,3050.0,3110.0,22700,3100.714285714286,3129.5,3138.0,3064.1,2862.38,2779.91
2024-03-14 00:00:00+00:00,4221.T,2926.7041015625,3080.0,3100.0,3050.0,3080.0,22500,3092.1428571428573,3112.5,3131.5,3075.2,2871.3,2785.02
2024-03-15 00:00:00+00:00,4221.T,2964.71337890625,3120.0,3125.0,3050.0,3060.0,38400,3085.714285714286,3103.0,3132.5,3083.8,2883.26,2790.62
2024-03-18 00:00:00+00:00,4221.T,2959.962158203125,3115.0,3150.0,3105.0,3150.0,19800,3087.8571428571427,3102.0,3135.5,3090.4,2894.5,2795.89
2024-03-19 00:00:00+00:00,4221.T,3002.722412109375,3160.0,3175.0,3120.0,3120.0,20100,3095.0,3104.0,3136.75,3098.4,2906.4,2801.92
2024-03-21 00:00:00+00:00,4221.T,3040.7314453125,3200.0,3225.0,3170.0,3200.0,22100,3118.5714285714284,3107.5,3137.75,3106.866666666667,2919.56,2807.92
2024-03-22 00:00:00+00:00,4221.T,3012.224609375,3170.0,3225.0,3160.0,3225.0,24700,3130.0,3114.5,3140.75,3114.0333333333333,2931.46,2813.76
2024-03-25 00:00:00+00:00,4221.T,3002.722412109375,3160.0,3185.0,3145.0,3155.0,21600,3143.5714285714284,3119.5,3139.5,3119.366666666667,2943.2,2819.37
2024-03-26 00:00:00+00:00,4221.T,2997.97119140625,3155.0,3185.0,3140.0,3160.0,16600,3154.285714285714,3131.5,3142.25,3126.4333333333334,2954.86,2824.7
2024-03-27 00:00:00+00:00,4221.T,2993.219970703125,3150.0,3190.0,3135.0,3165.0,22400,3158.5714285714284,3137.5,3142.0,3134.9,2967.86,2829.94
2024-03-28 00:00:00+00:00,4221.T,2931.455322265625,3085.0,3150.0,3070.0,3150.0,31100,3154.285714285714,3139.5,3134.5,3138.5,2978.86,2833.83
2024-03-29 00:00:00+00:00,4221.T,2974.215576171875,3130.0,3130.0,3075.0,3110.0,15700,3150.0,3144.5,3128.5,3135.8333333333335,2990.76,2838.28
2024-04-01 00:00:00+00:00,4221.T,2978.966796875,3135.0,3200.0,3125.0,3200.0,60900,3140.714285714286,3146.0,3124.5,3137.0,3003.42,2842.45
2024-04-02 00:00:00+00:00,4221.T,2917.201904296875,3070.0,3130.0,3070.0,3120.0,24700,3126.4285714285716,3141.5,3121.75,3137.5,3014.38,2845.45
2024-04-03 00:00:00+00:00,4221.T,2945.708740234375,3100.0,3120.0,3045.0,3060.0,22400,3117.8571428571427,3135.5,3119.75,3136.3333333333335,3026.1,2848.91
2024-04-04 00:00:00+00:00,4221.T,2931.455322265625,3085.0,3115.0,3070.0,3100.0,19500,3107.8571428571427,3124.0,3115.75,3133.1666666666665,3036.76,2852.47
2024-04-05 00:00:00+00:00,4221.T,2931.455322265625,3085.0,3085.0,3035.0,3065.0,20200,3098.5714285714284,3115.5,3115.0,3132.3333333333335,3047.1,2856.37
2024-04-08 00:00:00+00:00,4221.T,2974.215576171875,3130.0,3140.0,3090.0,3100.0,19100,3105.0,3112.5,3116.0,3130.5,3058.24,2861.08
2024-04-09 00:00:00+00:00,4221.T,2993.219970703125,3150.0,3165.0,3125.0,3140.0,9300,3107.8571428571427,3112.0,3121.75,3132.1666666666665,3069.06,2865.8
2024-04-10 00:00:00+00:00,4221.T,3002.722412109375,3160.0,3195.0,3135.0,3135.0,10600,3111.4285714285716,3113.0,3125.25,3132.3333333333335,3080.12,2870.2
2024-04-11 00:00:00+00:00,4221.T,3021.72705078125,3180.0,3200.0,3130.0,3135.0,14900,3127.1428571428573,3122.5,3131.0,3130.5,3090.86,2874.84
2024-04-12 00:00:00+00:00,4221.T,2988.468994140625,3145.0,3185.0,3135.0,3185.0,14200,3133.5714285714284,3124.0,3134.25,3127.0,3098.82,2878.95
2024-04-15 00:00:00+00:00,4221.T,2993.219970703125,3150.0,3160.0,3100.0,3105.0,7400,3142.8571428571427,3125.5,3135.75,3124.8333333333335,3104.58,2883.67
2024-04-16 00:00:00+00:00,4221.T,2907.69970703125,3060.0,3130.0,3060.0,3110.0,20600,3139.285714285714,3124.5,3133.0,3122.6666666666665,3107.44,2886.94
2024-04-17 00:00:00+00:00,4221.T,2874.441650390625,3025.0,3090.0,3025.0,3070.0,16700,3124.285714285714,3117.0,3126.25,3118.8333333333335,3109.54,2889.56
2024-04-18 00:00:00+00:00,4221.T,2921.953125,3075.0,3075.0,3030.0,3065.0,12400,3113.5714285714284,3116.0,3120.0,3115.8333333333335,3112.12,2893.01
2024-04-19 00:00:00+00:00,4221.T,2874.441650390625,3025.0,3070.0,2988.0,3070.0,29800,3094.285714285714,3110.0,3112.75,3113.3333333333335,3113.52,2895.76
2024-04-22 00:00:00+00:00,4221.T,2969.464599609375,3125.0,3135.0,3075.0,3130.0,44900,3086.4285714285716,3109.5,3111.0,3113.8333333333335,3116.02,2899.45
2024-04-23 00:00:00+00:00,4221.T,2955.211181640625,3110.0,3135.0,3085.0,3120.0,12100,3081.4285714285716,3105.5,3108.75,3116.3333333333335,3119.36,2902.61
2024-04-24 00:00:00+00:00,4221.T,2945.708740234375,3100.0,3120.0,3080.0,3100.0,14500,3074.285714285714,3099.5,3106.25,3116.6666666666665,3123.44,2905.49
2024-04-25 00:00:00+00:00,4221.T,2931.455322265625,3085.0,3115.0,3085.0,3095.0,12500,3077.8571428571427,3090.0,3106.25,3117.3333333333335,3125.6,2908.03
2024-04-26 00:00:00+00:00,4221.T,2936.20654296875,3090.0,3125.0,3050.0,3055.0,17000,3087.1428571428573,3084.5,3104.25,3117.6666666666665,3123.2,2910.69
2024-04-30 00:00:00+00:00,4221.T,2978.966796875,3135.0,3140.0,3080.0,3105.0,16400,3095.714285714286,3083.0,3104.25,3118.1666666666665,3123.9,2913.86
2024-05-01 00:00:00+00:00,4221.T,2950.4599609375,3105.0,3125.0,3090.0,3125.0,10500,3107.1428571428573,3087.5,3106.0,3117.8333333333335,3124.9,2916.86
2024-05-02 00:00:00+00:00,4221.T,2950.4599609375,3105.0,3125.0,3100.0,3115.0,7300,3104.285714285714,3095.5,3106.25,3116.0,3124.3,2920.25
2024-05-07 00:00:00+00:00,4221.T,2969.464599609375,3125.0,3150.0,3105.0,3105.0,13100,3106.4285714285716,3100.5,3108.25,3113.5,3123.2,2924.32
2024-05-08 00:00:00+00:00,4221.T,2974.215576171875,3130.0,3150.0,3125.0,3125.0,6900,3110.714285714286,3111.0,3110.5,3112.1666666666665,3123.6,2928.05
2024-05-09 00:00:00+00:00,4221.T,2988.468994140625,3145.0,3160.0,3130.0,3135.0,10700,3119.285714285714,3113.0,3111.25,3111.6666666666665,3122.8,2932.22
2024-05-10 00:00:00+00:00,4221.T,2978.966796875,3135.0,3155.0,3125.0,3135.0,10500,3125.714285714286,3115.5,3110.5,3111.0,3123.5,2937.03
2024-05-13 00:00:00+00:00,4221.T,2988.468994140625,3145.0,3165.0,3110.0,3135.0,23300,3127.1428571428573,3120.0,3109.75,3110.8333333333335,3123.3,2941.38
2024-05-14 00:00:00+00:00,4221.T,2917.201904296875,3070.0,3150.0,3025.0,3150.0,45500,3122.1428571428573,3118.5,3104.25,3110.3333333333335,3120.0,2945.53
2024-05-15 00:00:00+00:00,4221.T,2848.785400390625,2998.0,3070.0,2988.0,3070.0,40800,3106.8571428571427,3109.3,3096.9,3105.9333333333334,3114.96,2948.29
2024-05-16 00:00:00+00:00,4221.T,2768.015869140625,2913.0,3000.0,2913.0,3000.0,37700,3076.5714285714284,3087.1,3085.05,3098.5333333333333,3108.92,2950.79
2024-05-17 00:00:00+00:00,4221.T,2787.0205078125,2933.0,2933.0,2901.0,2901.0,14500,3048.4285714285716,3069.9,3078.7,3093.9666666666667,3105.08,2953.24
2024-05-20 00:00:00+00:00,4221.T,2834.531982421875,2983.0,2990.0,2954.0,2963.0,16100,3025.285714285714,3057.7,3076.6,3090.0666666666666,3101.94,2956.39
2024-05-21 00:00:00+00:00,4221.T,2855.43701171875,3005.0,3020.0,2984.0,2998.0,15100,3006.714285714286,3045.7,3073.1,3087.4,3098.74,2959.67
2024-05-22 00:00:00+00:00,4221.T,2844.984375,2994.0,3020.0,2986.0,3020.0,25000,2985.1428571428573,3032.1,3071.55,3084.366666666667,3096.62,2962.79
2024-05-23 00:00:00+00:00,4221.T,2833.581787109375,2982.0,2995.0,2963.0,2994.0,18100,2972.5714285714284,3015.8,3064.4,3079.4333333333334,3094.06,2966.01
2024-05-24 00:00:00+00:00,4221.T,2844.984375,2994.0,3010.0,2958.0,2963.0,10700,2972.0,3001.7,3058.6,3074.233333333333,3093.24,2969.26
2024-05-27 00:00:00+00:00,4221.T,2855.43701171875,3005.0,3005.0,2988.0,2994.0,10100,2985.1428571428573,2987.7,3053.85,3069.0666666666666,3091.54,2972.66
2024-05-28 00:00:00+00:00,4221.T,2827.88037109375,2976.0,3030.0,2968.0,3005.0,22900,2991.285714285714,2978.3,3048.4,3062.266666666667,3089.76,2976.07
2024-05-29 00:00:00+00:00,4221.T,2798.423095703125,2945.0,2987.0,2944.0,2976.0,35600,2985.8571428571427,2973.0,3041.15,3055.6,3087.06,2979.18
2024-05-30 00:00:00+00:00,4221.T,2813.626953125,2961.0,2973.0,2926.0,2935.0,17700,2979.5714285714284,2977.8,3032.45,3049.3,3083.88,2983.57
2024-05-31 00:00:00+00:00,4221.T,2869.6904296875,3020.0,3020.0,2984.0,2990.0,12800,2983.285714285714,2986.5,3028.2,3047.9666666666667,3081.98,2988.24
2024-06-03 00:00:00+00:00,4221.T,2874.441650390625,3025.0,3045.0,3015.0,3020.0,14400,2989.4285714285716,2990.7,3024.2,3047.9666666666667,3079.28,2992.84
2024-06-04 00:00:00+00:00,4221.T,2850.685791015625,3000.0,3025.0,3000.0,3020.0,15500,2990.285714285714,2990.2,3017.95,3045.4666666666667,3075.28,2997.42
2024-06-05 00:00:00+00:00,4221.T,2837.382568359375,2986.0,3015.0,2980.0,2991.0,21600,2987.5714285714284,2989.4,3010.75,3044.1666666666665,3071.6,3001.53
2024-06-06 00:00:00+00:00,4221.T,2819.328369140625,2967.0,2999.0,2961.0,2986.0,12400,2986.285714285714,2987.9,3001.85,3038.9,3067.74,3005.47
2024-06-07 00:00:00+00:00,4221.T,2799.37353515625,2946.0,2975.0,2946.0,2967.0,31200,2986.4285714285716,2983.1,2992.4,3033.4333333333334,3063.56,3009.21
2024-06-10 00:00:00+00:00,4221.T,2803.17431640625,2950.0,2955.0,2931.0,2947.0,18600,2984.8571428571427,2977.6,2982.65,3028.4333333333334,3059.56,3013.71
2024-06-11 00:00:00+00:00,4221.T,2811.726318359375,2959.0,2973.0,2954.0,2954.0,9500,2976.1428571428573,2975.9,2977.1,3024.233333333333,3057.04,3017.95
2024-06-12 00:00:00+00:00,4221.T,2789.871337890625,2936.0,2960.0,2931.0,2959.0,29200,2963.4285714285716,2975.0,2974.0,3019.1,3053.16,3021.96
2024-06-13 00:00:00+00:00,4221.T,2730.0068359375,2873.0,2931.0,2872.0,2931.0,43500,2945.285714285714,2966.2,2972.0,3010.366666666667,3047.92,3025.67
2024-06-14 00:00:00+00:00,4221.T,2736.658447265625,2880.0,2898.0,2854.0,2854.0,28800,2930.1428571428573,2952.2,2969.35,3002.866666666667,3044.12,3029.25
2024-06-17 00:00:00+00:00,4221.T,2647.3369140625,2786.0,2832.0,2766.0,2830.0,77000,2904.285714285714,2928.3,2959.5,2992.233333333333,3037.84,3031.97
2024-06-18 00:00:00+00:00,4221.T,2668.241943359375,2808.0,2827.0,2777.0,2790.0,28400,2884.5714285714284,2909.1,2949.65,2981.6666666666665,3032.3,3034.53
2024-06-19 00:00:00+00:00,4221.T,2684.395751953125,2825.0,2846.0,2800.0,2807.0,25800,2866.714285714286,2893.0,2941.2,2971.5,3027.1,3037.1
2024-06-20 00:00:00+00:00,4221.T,2693.898193359375,2835.0,2836.0,2809.0,2821.0,33400,2849.0,2879.8,2933.85,2961.1666666666665,3021.2,3039.72
2024-06-21 00:00:00+00:00,4221.T,2636.88427734375,2775.0,2866.0,2759.0,2837.0,67200,2826.0,2862.7,2922.9,2949.1666666666665,3013.7,3041.38
2024-06-24 00:00:00+00:00,4221.T,2707.201416015625,2849.0,2887.0,2750.0,2750.0,307300,2822.5714285714284,2852.6,2915.1,2939.3,3007.48,3043.8
2024-06-25 00:00:00+00:00,4221.T,2734.7578125,2878.0,2904.0,2839.0,2839.0,113900,2822.285714285714,2844.5,2910.2,2932.9,3001.44,3046.15
2024-06-26 00:00:00+00:00,4221.T,2762.314697265625,2907.0,2923.0,2880.0,2880.0,83500,2839.5714285714284,2841.6,2908.3,2929.866666666667,2996.68,3047.75
2024-06-27 00:00:00+00:00,4221.T,2798.151123046875,2889.0,2917.0,2871.0,2883.0,54200,2851.1428571428573,2843.2,2904.7,2929.0666666666666,2991.46,3048.02
2024-06-28 00:00:00+00:00,4221.T,2743.912109375,2833.0,2907.0,2833.0,2891.0,61500,2852.285714285714,2838.5,2895.35,2925.733333333333,2986.92,3047.18
2024-07-01 00:00:00+00:00,4221.T,2800.088134765625,2891.0,2905.0,2830.0,2874.0,166600,2860.285714285714,2849.0,2888.65,2922.6666666666665,2984.24,3046.89
2024-07-02 00:00:00+00:00,4221.T,2834.9560546875,2927.0,2974.0,2911.0,2941.0,142400,2882.0,2860.9,2885.0,2920.0666666666666,2981.28,3046.7
2024-07-03 00:00:00+00:00,4221.T,2888.2265625,2982.0,2989.0,2942.0,2957.0,65200,2901.0,2876.6,2884.8,2919.6666666666665,2980.42,3046.97
2024-07-04 00:00:00+00:00,4221.T,2920.188720703125,3015.0,3015.0,2962.0,2987.0,54200,2920.5714285714284,2894.6,2887.2,2920.766666666667,2978.22,3047.12
2024-07-05 00:00:00+00:00,4221.T,2877.572509765625,2971.0,3065.0,2967.0,3035.0,80500,2929.714285714286,2914.2,2888.45,2920.0,2975.44,3047.4
2024-07-08 00:00:00+00:00,4221.T,2825.2705078125,2917.0,2985.0,2875.0,2985.0,408000,2933.714285714286,2921.0,2886.8,2917.0666666666666,2971.78,3047.61
2024-07-09 00:00:00+00:00,4221.T,2822.36474609375,2914.0,3005.0,2909.0,2955.0,172700,2945.285714285714,2924.6,2884.55,2915.0,2968.36,3046.98
2024-07-10 00:00:00+00:00,4221.T,2820.427734375,2912.0,2927.0,2885.0,2915.0,65800,2948.285714285714,2925.1,2883.35,2913.9,2964.8,3044.0
2024-07-11 00:00:00+00:00,4221.T,2844.6416015625,2937.0,2937.0,2902.0,2915.0,76700,2949.714285714286,2929.9,2886.55,2913.1,2960.84,3042.37
2024-07-12 00:00:00+00:00,4221.T,2835.924560546875,2928.0,2977.0,2916.0,2942.0,80000,2942.0,2939.4,2888.95,2910.0333333333333,2957.3,3041.1
2024-07-16 00:00:00+00:00,4221.T,2845.610107421875,2938.0,2961.0,2926.0,2960.0,68200,2931.0,2944.1,2896.55,2907.133333333333,2953.96,3039.13
2024-07-17 00:00:00+00:00,4221.T,2875.63525390625,2969.0,3020.0,2958.0,2959.0,144100,2930.714285714286,2948.3,2904.6,2906.1,2950.84,3037.02
2024-07-18 00:00:00+00:00,4221.T,2869.823974609375,2963.0,2980.0,2943.0,2970.0,74500,2937.285714285714,2946.4,2911.5,2905.3333333333335,2947.5,3035.55
2024-07-19 00:00:00+00:00,4221.T,2837.86181640625,2930.0,2965.0,2906.0,2965.0,47700,2939.5714285714284,2937.9,2916.25,2904.1,2943.2,3033.0
2024-07-22 00:00:00+00:00,4221.T,2779.74853515625,2870.0,2930.0,2870.0,2930.0,59200,2933.5714285714284,2927.8,2921.0,2901.5666666666666,2937.9,3030.7
2024-07-23 00:00:00+00:00,4221.T,2808.80517578125,2900.0,2904.0,2878.0,2887.0,32800,2928.285714285714,2926.1,2923.55,2899.9,2933.0,3028.15
2024-07-24 00:00:00+00:00,4221.T,2765.22021484375,2855.0,2895.0,2852.0,2895.0,43100,2917.8571428571427,2920.2,2922.4,2896.4333333333334,2928.7,3024.35
2024-07-25 00:00:00+00:00,4221.T,2728.415283203125,2817.0,2849.0,2793.0,2842.0,52700,2900.5714285714284,2910.7,2917.9,2892.4666666666667,2925.08,3020.02
2024-07-26 00:00:00+00:00,4221.T,2743.912109375,2833.0,2849.0,2816.0,2822.0,29400,2881.1428571428573,2900.3,2915.1,2891.133333333333,2923.48,3016.2
2024-07-29 00:00:00+00:00,4221.T,2779.74853515625,2870.0,2871.0,2830.0,2843.0,43900,2867.8571428571427,2894.5,2916.95,2890.8,2922.22,3013.65
2024-07-30 00:00:00+00:00,4221.T,2736.16357421875,2825.0,2876.0,2820.0,2874.0,44500,2852.8571428571427,2883.2,2913.65,2892.1,2919.06,3010.5
2024-07-31 00:00:00+00:00,4221.T,2807.836669921875,2899.0,2900.0,2822.0,2835.0,34700,2857.0,2876.2,2912.25,2895.133333333333,2916.94,3007.84
2024-08-01 00:00:00+00:00,4221.T,2730.352294921875,2819.0,2884.0,2800.0,2884.0,53500,2845.4285714285716,2861.8,2904.1,2894.9333333333334,2913.44,3005.03
2024-08-02 00:00:00+00:00,4221.T,2582.16357421875,2666.0,2771.0,2657.0,2769.0,126400,2818.4285714285716,2835.4,2886.65,2889.3,2907.12,3000.59
2024-08-05 00:00:00+00:00,4221.T,2263.509521484375,2337.0,2536.0,2281.0,2516.0,158400,2749.8571428571427,2782.1,2854.95,2874.7,2893.98,2993.61
2024-08-06 00:00:00+00:00,4221.T,2488.2138671875,2569.0,2600.0,2449.0,2463.0,117400,2712.1428571428573,2749.0,2837.55,2865.366666666667,2885.26,2988.4
2024-08-07 00:00:00+00:00,4221.T,2460.125732421875,2540.0,2585.0,2499.0,2520.0,85700,2665.0,2717.5,2818.85,2854.1,2876.54,2983.15
2024-08-08 00:00:00+00:00,4221.T,2469.811279296875,2550.0,2597.0,2509.0,2513.0,64000,2625.714285714286,2690.8,2800.75,2842.2,2868.64,2977.85
2024-08-09 00:00:00+00:00,4221.T,2474.654052734375,2555.0,2620.0,2532.0,2600.0,56300,2576.5714285714284,2663.0,2781.65,2831.0666666666666,2860.52,2972.2
2024-08-13 00:00:00+00:00,4221.T,2400.075439453125,2478.0,2478.0,2415.0,2450.0,130100,2527.8571428571427,2623.8,2759.15,2819.233333333333,2849.68,2965.83
2024-08-14 00:00:00+00:00,4221.T,2433.00634765625,2512.0,2513.0,2470.0,2496.0,57300,2505.8571428571427,2592.5,2737.85,2806.6,2839.42,2959.35
2024-08-15 00:00:00+00:00,4221.T,2439.7861328125,2519.0,2539.0,2512.0,2515.0,50200,2531.8571428571427,2554.5,2715.35,2793.0,2829.8,2952.54
2024-08-16 00:00:00+00:00,4221.T,2522.11328125,2604.0,2604.0,2550.0,2566.0,30600,2536.8571428571427,2533.0,2697.4,2780.4,2822.16,2946.88
2024-08-19 00:00:00+00:00,4221.T,2473.685546875,2554.0,2604.0,2554.0,2604.0,42400,2538.8571428571427,2521.8,2678.6,2765.0333333333333,2813.9,2940.82
2024-08-20 00:00:00+00:00,4221.T,2515.33349609375,2597.0,2613.0,2565.0,2565.0,29800,2545.5714285714284,2547.8,2664.95,2752.5666666666666,2806.92,2935.24
2024-08-21 00:00:00+00:00,4221.T,2511.459228515625,2593.0,2603.0,2575.0,2590.0,24100,2551.0,2550.2,2649.6,2741.766666666667,2799.78,2929.67
2024-08-22 00:00:00+00:00,4221.T,2506.616455078125,2588.0,2610.0,2571.0,2604.0,28700,2566.714285714286,2555.0,2636.25,2730.9,2792.36,2924.7
2024-08-23 00:00:00+00:00,4221.T,2525.01904296875,2607.0,2610.0,2588.0,2588.0,15400,2580.285714285714,2560.7,2625.75,2720.733333333333,2785.78,2919.47
2024-08-26 00:00:00+00:00,4221.T,2517.2705078125,2599.0,2605.0,2587.0,2600.0,27700,2591.714285714286,2565.1,2614.05,2709.4666666666667,2780.3,2914.11
2024-08-27 00:00:00+00:00,4221.T,2555.044189453125,2638.0,2638.0,2588.0,2599.0,22200,2596.5714285714284,2581.1,2602.45,2699.8,2775.46,2909.79
2024-08-28 00:00:00+00:00,4221.T,2540.515869140625,2623.0,2632.0,2591.0,2632.0,31300,2606.4285714285716,2592.2,2592.35,2689.3,2772.2,2905.02
2024-08-29 00:00:00+00:00,4221.T,2528.89306640625,2611.0,2625.0,2597.0,2608.0,23400,2608.4285714285716,2601.4,2577.95,2677.366666666667,2768.26,2900.28
2024-08-30 00:00:00+00:00,4221.T,2548.26416015625,2631.0,2658.0,2623.0,2625.0,24900,2613.8571428571427,2604.1,2568.55,2666.3,2764.38,2895.74
2024-09-02 00:00:00+00:00,4221.T,2573.446533203125,2657.0,2661.0,2632.0,2643.0,18600,2623.714285714286,2614.4,2568.1,2657.2,2760.82,2891.01
2024-09-03 00:00:00+00:00,4221.T,2592.817626953125,2677.0,2677.0,2651.0,2657.0,16000,2633.714285714286,2622.4,2585.1,2650.766666666667,2758.86,2886.28
2024-09-04 00:00:00+00:00,4221.T,2495.96240234375,2577.0,2650.0,2577.0,2627.0,46100,2630.5714285714284,2620.8,2585.5,2640.0,2753.42,2880.45
2024-09-05 00:00:00+00:00,4221.T,2483.37109375,2564.0,2598.0,2539.0,2571.0,46500,2620.0,2618.4,2586.7,2630.3,2747.14,2874.29
2024-09-06 00:00:00+00:00,4221.T,2485.308349609375,2566.0,2586.0,2550.0,2582.0,40500,2611.8571428571427,2614.3,2587.5,2621.9333333333334,2740.32,2868.5
2024-09-09 00:00:00+00:00,4221.T,2473.685546875,2554.0,2554.0,2497.0,2514.0,50400,2603.714285714286,2609.8,2587.45,2612.633333333333,2733.62,2862.54
2024-09-10 00:00:00+00:00,4221.T,2463.031494140625,2543.0,2565.0,2540.0,2550.0,34500,2591.1428571428573,2600.3,2590.7,2601.733333333333,2727.82,2857.37
2024-09-11 00:00:00+00:00,4221.T,2421.3837890625,2500.0,2544.0,2474.0,2512.0,34300,2568.714285714286,2588.0,2590.1,2590.9,2720.0,2852.12
2024-09-12 00:00:00+00:00,4221.T,2467.874267578125,2548.0,2550.0,2508.0,2521.0,28500,2550.285714285714,2581.7,2591.55,2579.2,2712.42,2846.85
2024-09-13 00:00:00+00:00,4221.T,2480.465576171875,2561.0,2565.0,2533.0,2548.0,21600,2548.0,2574.7,2589.4,2570.6,2704.0,2842.21
2024-09-17 00:00:00+00:00,4221.T,2480.465576171875,2561.0,2573.0,2526.0,2561.0,31600,2547.5714285714284,2565.1,2589.75,2567.1,2694.92,2836.57
2024-09-18 00:00:00+00:00,4221.T,2514.36474609375,2596.0,2603.0,2572.0,2580.0,21600,2551.8571428571427,2557.0,2589.7,2575.733333333333,2687.42,2831.43
2024-09-19 00:00:00+00:00,4221.T,2540.515869140625,2623.0,2640.0,2607.0,2609.0,27200,2561.714285714286,2561.6,2591.2,2577.5333333333333,2681.54,2826.66
2024-09-20 00:00:00+00:00,4221.T,2570.541015625,2654.0,2660.0,2640.0,2644.0,28500,2577.5714285714284,2570.6,2594.5,2581.3333333333335,2676.34,2822.35
2024-09-24 00:00:00+00:00,4221.T,2572.47802734375,2656.0,2688.0,2649.0,2686.0,31900,2599.8571428571427,2579.6,2596.95,2584.866666666667,2671.22,2818.01
2024-09-25 00:00:00+00:00,4221.T,2578.289306640625,2662.0,2671.0,2641.0,2660.0,17100,2616.1428571428573,2590.4,2600.1,2588.4333333333334,2665.72,2813.28
2024-09-26 00:00:00+00:00,4221.T,2628.654052734375,2714.0,2714.0,2648.0,2678.0,34300,2638.0,2607.5,2603.9,2596.3,2661.44,2809.37
2024-09-27 00:00:00+00:00,4221.T,2643.182373046875,2729.0,2745.0,2710.0,2745.0,20000,2662.0,2630.4,2609.2,2603.5333333333333,2657.26,2805.61
2024-09-30 00:00:00+00:00,4221.T,2592.817626953125,2677.0,2695.0,2654.0,2679.0,31800,2673.5714285714284,2643.3,2612.5,2608.8,2651.42,2801.13
2024-10-01 00:00:00+00:00,4221.T,2637.37109375,2723.0,2732.0,2696.0,2709.0,36600,2687.8571428571427,2659.5,2617.1,2612.766666666667,2646.62,2797.06
2024-10-02 00:00:00+00:00,4221.T,2649.96240234375,2736.0,2756.0,2720.0,2723.0,28600,2699.5714285714284,2677.0,2621.05,2618.8333333333335,2642.74,2792.97
2024-10-03 00:00:00+00:00,4221.T,2675.144775390625,2762.0,2773.0,2747.0,2770.0,32100,2714.714285714286,2693.6,2625.3,2624.3333333333335,2640.58,2789.24
2024-10-04 00:00:00+00:00,4221.T,2684.830322265625,2772.0,2781.0,2738.0,2762.0,33000,2730.4285714285716,2708.5,2635.05,2630.3,2638.02,2785.51
2024-10-07 00:00:00+00:00,4221.T,2671.2705078125,2758.0,2787.0,2749.0,2781.0,31300,2736.714285714286,2718.9,2644.75,2635.9666666666667,2636.08,2782.39
2024-10-08 00:00:00+00:00,4221.T,2618.968505859375,2704.0,2759.0,2702.0,2750.0,27400,2733.1428571428573,2723.7,2651.65,2639.2,2633.82,2779.45
2024-10-09 00:00:00+00:00,4221.T,2609.283203125,2694.0,2728.0,2684.0,2720.0,20100,2735.5714285714284,2726.9,2658.65,2642.366666666667,2631.04,2777.26
2024-10-10 00:00:00+00:00,4221.T,2632.5283203125,2718.0,2720.0,2693.0,2697.0,19500,2734.8571428571427,2727.3,2667.4,2645.0333333333333,2628.0,2775.11
2024-10-11 00:00:00+00:00,4221.T,2620.90576171875,2706.0,2720.0,2691.0,2700.0,20500,2730.5714285714284,2725.0,2677.7,2647.8,2625.62,2772.34
2024-10-15 00:00:00+00:00,4221.T,2639.308349609375,2725.0,2741.0,2712.0,2722.0,17200,2725.285714285714,2729.8,2686.55,2651.6,2622.14,2769.54
2024-10-16 00:00:00+00:00,4221.T,2630.59130859375,2716.0,2745.0,2710.0,2714.0,19400,2717.285714285714,2729.1,2694.3,2654.4333333333334,2620.08,2766.76
2024-10-17 00:00:00+00:00,4221.T,2634.465576171875,2720.0,2731.0,2711.0,2716.0,17200,2711.8571428571427,2727.5,2702.25,2656.5333333333333,2621.16,2764.14
2024-10-18 00:00:00+00:00,4221.T,2628.654052734375,2714.0,2725.0,2694.0,2720.0,22600,2713.285714285714,2722.7,2708.15,2657.766666666667,2628.7,2761.34
2024-10-21 00:00:00+00:00,4221.T,2624.780029296875,2710.0,2733.0,2708.0,2732.0,19700,2715.5714285714284,2716.5,2712.5,2662.2,2631.52,2758.39
2024-10-22 00:00:00+00:00,4221.T,2593.7861328125,2678.0,2720.0,2672.0,2711.0,37600,2709.8571428571427,2708.5,2713.7,2666.0,2634.28,2755.41
2024-10-23 00:00:00+00:00,4221.T,2568.603759765625,2652.0,2694.0,2649.0,2678.0,21200,2702.1428571428573,2703.3,2713.5,2668.866666666667,2636.32,2752.48
2024-10-24 00:00:00+00:00,4221.T,2576.352294921875,2660.0,2663.0,2620.0,2635.0,33400,2692.8571428571427,2699.9,2713.4,2672.4,2638.42,2749.47
2024-10-25 00:00:00+00:00,4221.T,2559.886962890625,2643.0,2666.0,2620.0,2661.0,21700,2682.4285714285716,2692.4,2709.85,2675.733333333333,2641.72,2745.7
2024-10-28 00:00:00+00:00,4221.T,2588.943359375,2673.0,2673.0,2633.0,2639.0,21400,2675.714285714286,2689.1,2707.05,2681.5,2644.94,2742.18
2024-10-29 00:00:00+00:00,4221.T,2612.188720703125,2697.0,2701.0,2673.0,2675.0,17100,2673.285714285714,2686.3,2708.05,2686.4666666666667,2648.5,2739.15
2024-10-30 00:00:00+00:00,4221.T,2611.22021484375,2696.0,2706.0,2684.0,2693.0,48600,2671.285714285714,2684.3,2706.7,2690.9666666666667,2650.34,2736.25
2024-10-31 00:00:00+00:00,4221.T,2629.622802734375,2715.0,2727.0,2699.0,2700.0,25800,2676.5714285714284,2683.8,2705.65,2696.1,2653.56,2733.73
2024-11-01 00:00:00+00:00,4221.T,2611.22021484375,2696.0,2724.0,2683.0,2710.0,27700,2682.8571428571427,2682.0,2702.35,2699.4333333333334,2655.54,2731.23
2024-11-05 00:00:00+00:00,4221.T,2608.314453125,2693.0,2712.0,2693.0,2701.0,18500,2687.5714285714284,2680.3,2698.4,2701.766666666667,2657.54,2728.66
2024-11-06 00:00:00+00:00,4221.T,2635.43408203125,2721.0,2740.0,2699.0,2699.0,19900,2698.714285714286,2684.6,2696.55,2704.0,2660.2,2726.28
2024-11-07 00:00:00+00:00,4221.T,2681.924560546875,2769.0,2780.0,2734.0,2744.0,36400,2712.4285714285716,2696.3,2699.8,2707.766666666667,2663.44,2724.61
2024-11-08 00:00:00+00:00,4221.T,2638.339599609375,2724.0,2775.0,2718.0,2771.0,27000,2716.285714285714,2702.7,2701.3,2709.8333333333335,2665.94,2723.12
2024-11-11 00:00:00+00:00,4221.T,2633.496826171875,2719.0,2730.0,2698.0,2720.0,33500,2719.5714285714284,2710.3,2701.35,2710.0,2667.56,2721.51
2024-11-12 00:00:00+00:00,4221.T,2697.42138671875,2785.0,2790.0,2710.0,2711.0,48500,2729.5714285714284,2721.5,2705.3,2711.866666666667,2670.8,2721.5
2024-11-13 00:00:00+00:00,4221.T,2683.86181640625,2771.0,2843.0,2758.0,2792.0,87100,2740.285714285714,2728.9,2707.6,2715.0,2674.0,2721.13
2024-11-14 00:00:00+00:00,4221.T,2889.195068359375,2983.0,3040.0,2955.0,3010.0,273500,2781.714285714286,2757.6,2720.95,2723.6666666666665,2681.04,2722.71
2024-11-15 00:00:00+00:00,4221.T,2934.717041015625,3030.0,3030.0,2976.0,3000.0,126200,2825.8571428571427,2789.1,2736.45,2733.4666666666667,2688.5,2724.66
2024-11-18 00:00:00+00:00,4221.T,2987.987548828125,3085.0,3090.0,3005.0,3015.0,75300,2871.0,2828.0,2755.0,2744.233333333333,2696.66,2727.76
2024-11-19 00:00:00+00:00,4221.T,2983.144775390625,3080.0,3110.0,3060.0,3090.0,58800,2921.8571428571427,2866.7,2773.5,2754.5,2706.72,2730.07
2024-11-20 00:00:00+00:00,4221.T,3021.886962890625,3120.0,3145.0,3085.0,3085.0,60700,2979.1428571428573,2906.6,2795.6,2766.5666666666666,2717.84,2732.49
2024-11-21 00:00:00+00:00,4221.T,3017.044189453125,3115.0,3150.0,3100.0,3110.0,43500,3026.285714285714,2941.2,2818.75,2780.266666666667,2728.82,2734.57
2024-11-22 00:00:00+00:00,4221.T,3041.258056640625,3140.0,3170.0,3105.0,3140.0,54900,3079.0,2982.8,2842.75,2795.133333333333,2740.54,2737.08
2024-11-25 00:00:00+00:00,4221.T,3031.572509765625,3130.0,3180.0,3125.0,3165.0,92500,3100.0,3023.9,2867.1,2808.866666666667,2752.28,2740.05
2024-11-26 00:00:00+00:00,4221.T,3050.943359375,3150.0,3155.0,3115.0,3140.0,49900,3117.1428571428573,3060.4,2890.95,2823.6666666666665,2765.28,2742.64
2024-11-27 00:00:00+00:00,4221.T,2997.673095703125,3095.0,3140.0,3085.0,3130.0,46100,3118.5714285714284,3092.8,2910.85,2836.0,2776.22,2744.32
2024-11-28 00:00:00+00:00,4221.T,3017.044189453125,3115.0,3115.0,3085.0,3095.0,55500,3123.5714285714284,3106.0,2931.8,2849.3,2787.3,2745.65
2024-11-29 00:00:00+00:00,4221.T,3007.358642578125,3105.0,3120.0,3095.0,3105.0,45200,3121.4285714285716,3113.5,2951.3,2862.133333333333,2798.18,2746.55
2024-12-02 00:00:00+00:00,4221.T,2992.830322265625,3090.0,3110.0,3085.0,3105.0,73100,3117.8571428571427,3114.0,2971.0,2874.6666666666665,2808.06,2747.74
2024-12-03 00:00:00+00:00,4221.T,3007.358642578125,3105.0,3110.0,3085.0,3090.0,85400,3112.8571428571427,3116.5,2991.6,2887.8333333333335,2817.7,2749.62
2024-12-04 00:00:00+00:00,4221.T,2963.773681640625,3060.0,3100.0,3040.0,3100.0,111500,3102.8571428571427,3110.5,3008.55,2900.5666666666666,2825.82,2751.08
2024-12-05 00:00:00+00:00,4221.T,2958.930908203125,3055.0,3070.0,3045.0,3065.0,59700,3089.285714285714,3104.5,3022.85,2914.0,2833.8,2752.51
2024-12-06 00:00:00+00:00,4221.T,2920.188720703125,3015.0,3060.0,3005.0,3055.0,123700,3077.8571428571427,3092.0,3037.4,2925.8333333333335,2840.86,2753.29
2024-12-09 00:00:00+00:00,4221.T,2915.345947265625,3010.0,3035.0,3005.0,3030.0,141400,3062.8571428571427,3080.0,3051.95,2938.0666666666666,2846.78,2754.11
2024-12-10 00:00:00+00:00,4221.T,2934.717041015625,3030.0,3065.0,3030.0,3050.0,114200,3052.1428571428573,3068.0,3064.2,2949.9666666666667,2852.8,2755.03
2024-12-11 00:00:00+00:00,4221.T,2944.402587890625,3040.0,3045.0,3020.0,3035.0,123200,3045.0,3062.5,3077.65,2961.4,2860.06,2755.74
2024-12-12 00:00:00+00:00,4221.T,2934.717041015625,3030.0,3070.0,3025.0,3040.0,140800,3034.285714285714,3054.0,3080.0,2972.5333333333333,2866.2,2756.41
2024-12-13 00:00:00+00:00,4221.T,2944.402587890625,3040.0,3040.0,3005.0,3020.0,166200,3031.4285714285716,3047.5,3080.5,2983.366666666667,2872.28,2757.51
2024-12-16 00:00:00+00:00,4221.T,2905.660400390625,3000.0,3055.0,3000.0,3035.0,192500,3023.5714285714284,3038.5,3076.25,2993.5,2877.04,2758.81
2024-12-17 00:00:00+00:00,4221.T,2886.289306640625,2980.0,3030.0,2980.0,3000.0,237400,3018.5714285714284,3026.0,3071.25,3003.0666666666666,2881.2,2759.61
2024-12-18 00:00:00+00:00,4221.T,2905.660400390625,3000.0,3015.0,2978.0,2980.0,109300,3017.1428571428573,3020.0,3065.25,3012.366666666667,2886.04,2761.06
2024-12-19 00:00:00+00:00,4221.T,2920.188720703125,3015.0,3015.0,2982.0,2985.0,173300,3015.0,3016.0,3060.25,3020.5666666666666,2892.26,2763.04
2024-12-20 00:00:00+00:00,4221.T,2915.345947265625,3010.0,3035.0,3010.0,3015.0,161800,3010.714285714286,3015.5,3053.75,3030.1,2898.58,2764.81
2024-12-23 00:00:00+00:00,4221.T,2968.616455078125,3065.0,3065.0,3015.0,3015.0,177900,3015.714285714286,3021.0,3050.5,3041.633333333333,2905.52,2766.76
2024-12-24 00:00:00+00:00,4221.T,2997.673095703125,3095.0,3105.0,3060.0,3085.0,186700,3023.5714285714284,3027.5,3047.75,3051.9666666666667,2913.3,2769.46
2024-12-25 00:00:00+00:00,4221.T,3080.0,3180.0,3180.0,3115.0,3115.0,195300,3049.285714285714,3041.5,3052.0,3065.6,2922.4,2772.27
2024-12-26 00:00:00+00:00,4221.T,3080.0,3180.0,3230.0,3160.0,3205.0,278200,3077.8571428571427,3056.5,3055.25,3072.1666666666665,2931.68,2775.88
2024-12-27 00:00:00+00:00,4221.T,3020.0,3020.0,3040.0,3005.0,3015.0,337800,3080.714285714286,3054.5,3051.0,3071.8333333333335,2937.68,2779.42
2024-12-30 00:00:00+00:00,4221.T,3010.0,3010.0,3030.0,3000.0,3025.0,142800,3080.0,3055.5,3047.0,3069.3333333333335,2943.6,2786.15
2025-01-06 00:00:00+00:00,4221.T,3020.0,3020.0,3025.0,2995.0,3015.0,157500,3081.4285714285716,3059.5,3042.75,3067.3333333333335,2949.8,2790.66
2025-01-07 00:00:00+00:00,4221.T,2976.0,2976.0,3025.0,2972.0,3020.0,163600,3068.714285714286,3057.1,3038.55,3062.5333333333333,2955.76,2795.02
2025-01-08 00:00:00+00:00,4221.T,2984.0,2984.0,2996.0,2959.0,2969.0,113300,3052.8571428571427,3054.0,3035.0,3058.1666666666665,2962.4,2799.36
2025-01-09 00:00:00+00:00,4221.T,2990.0,2990.0,3015.0,2986.0,2990.0,112900,3025.714285714286,3052.0,3033.75,3053.1666666666665,2969.0,2803.71
2025-01-10 00:00:00+00:00,4221.T,2957.0,2957.0,2986.0,2943.0,2985.0,128300,2993.8571428571427,3041.2,3031.1,3047.4,2975.28,2808.5
